"/game/pc/cyberpunk-2077"|""|"Apr 15, 2020"|""|""|""|""
"/game/pc/mr-prepper"|""|"Jan 31, 2020"|""|""|""|""
"/game/pc/iron-harvest"|""|"Sep  1, 2020"|""|""|""|""
"/game/pc/cyberpunk-2077"|""|"Apr 15, 2020"|""|""|""|""
"/game/pc/mr-prepper"|""|"Jan 31, 2020"|""|""|""|""
"/game/pc/iron-harvest"|""|"Sep  1, 2020"|""|""|""|""
"/game/pc/cyberpunk-2077"|""|"Apr 15, 2020"|""|""|""|""
"/game/pc/mr-prepper"|""|"Jan 31, 2020"|""|""|""|""
"/game/pc/iron-harvest"|""|"Sep  1, 2020"|""|""|""|""
"/game/pc/cyberpunk-2077"|""|"Apr 15, 2020"|""|""|""|""
"/game/pc/mr-prepper"|""|"Jan 31, 2020"|""|""|""|""
"/game/pc/iron-harvest"|""|"Sep  1, 2020"|""|""|""|""
"/game/pc/cyberpunk-2077"|""|"Apr 15, 2020"|""|""|""|""
"/game/pc/mr-prepper"|""|"Jan 31, 2020"|""|""|""|""
"/game/pc/iron-harvest"|""|"Sep  1, 2020"|""|""|""|""
